"initial_alias","converted_alias","name","description","namespace"
"AGO1","1SI2","AGO1","argonaute RISC component 1 [Source:HGNC Symbol;Acc:HGNC:3262]","ENTREZGENE,GENECARDS,HGNC,UNIPROT_GN,WIKIGENE"
"AGO1","1SI3","AGO1","argonaute RISC component 1 [Source:HGNC Symbol;Acc:HGNC:3262]","ENTREZGENE,GENECARDS,HGNC,UNIPROT_GN,WIKIGENE"
"AGO1","4KRE","AGO1","argonaute RISC component 1 [Source:HGNC Symbol;Acc:HGNC:3262]","ENTREZGENE,GENECARDS,HGNC,UNIPROT_GN,WIKIGENE"
"AGO1","4KRF","AGO1","argonaute RISC component 1 [Source:HGNC Symbol;Acc:HGNC:3262]","ENTREZGENE,GENECARDS,HGNC,UNIPROT_GN,WIKIGENE"
"AGO1","4KXT","AGO1","argonaute RISC component 1 [Source:HGNC Symbol;Acc:HGNC:3262]","ENTREZGENE,GENECARDS,HGNC,UNIPROT_GN,WIKIGENE"
"AGO1","5W6V","AGO1","argonaute RISC component 1 [Source:HGNC Symbol;Acc:HGNC:3262]","ENTREZGENE,GENECARDS,HGNC,UNIPROT_GN,WIKIGENE"
"AGO2","3LUC","AGO2","argonaute RISC catalytic component 2 [Source:HGNC Symbol;Acc:HGNC:3263]","ENTREZGENE,GENECARDS,HGNC,UNIPROT_GN,WIKIGENE"
"AGO2","3LUD","AGO2","argonaute RISC catalytic component 2 [Source:HGNC Symbol;Acc:HGNC:3263]","ENTREZGENE,GENECARDS,HGNC,UNIPROT_GN,WIKIGENE"
"AGO2","3LUG","AGO2","argonaute RISC catalytic component 2 [Source:HGNC Symbol;Acc:HGNC:3263]","ENTREZGENE,GENECARDS,HGNC,UNIPROT_GN,WIKIGENE"
"AGO2","3LUH","AGO2","argonaute RISC catalytic component 2 [Source:HGNC Symbol;Acc:HGNC:3263]","ENTREZGENE,GENECARDS,HGNC,UNIPROT_GN,WIKIGENE"
"AGO2","3LUJ","AGO2","argonaute RISC catalytic component 2 [Source:HGNC Symbol;Acc:HGNC:3263]","ENTREZGENE,GENECARDS,HGNC,UNIPROT_GN,WIKIGENE"
"AGO2","3LUK","AGO2","argonaute RISC catalytic component 2 [Source:HGNC Symbol;Acc:HGNC:3263]","ENTREZGENE,GENECARDS,HGNC,UNIPROT_GN,WIKIGENE"
"AGO2","3QX8","AGO2","argonaute RISC catalytic component 2 [Source:HGNC Symbol;Acc:HGNC:3263]","ENTREZGENE,GENECARDS,HGNC,UNIPROT_GN,WIKIGENE"
"AGO2","3QX9","AGO2","argonaute RISC catalytic component 2 [Source:HGNC Symbol;Acc:HGNC:3263]","ENTREZGENE,GENECARDS,HGNC,UNIPROT_GN,WIKIGENE"
"AGO2","4F3T","AGO2","argonaute RISC catalytic component 2 [Source:HGNC Symbol;Acc:HGNC:3263]","ENTREZGENE,GENECARDS,HGNC,UNIPROT_GN,WIKIGENE"
"AGO2","4OLA","AGO2","argonaute RISC catalytic component 2 [Source:HGNC Symbol;Acc:HGNC:3263]","ENTREZGENE,GENECARDS,HGNC,UNIPROT_GN,WIKIGENE"
"AGO2","4OLB","AGO2","argonaute RISC catalytic component 2 [Source:HGNC Symbol;Acc:HGNC:3263]","ENTREZGENE,GENECARDS,HGNC,UNIPROT_GN,WIKIGENE"
"AGO2","4W5N","AGO2","argonaute RISC catalytic component 2 [Source:HGNC Symbol;Acc:HGNC:3263]","ENTREZGENE,GENECARDS,HGNC,UNIPROT_GN,WIKIGENE"
"AGO2","4W5O","AGO2","argonaute RISC catalytic component 2 [Source:HGNC Symbol;Acc:HGNC:3263]","ENTREZGENE,GENECARDS,HGNC,UNIPROT_GN,WIKIGENE"
"AGO2","4W5Q","AGO2","argonaute RISC catalytic component 2 [Source:HGNC Symbol;Acc:HGNC:3263]","ENTREZGENE,GENECARDS,HGNC,UNIPROT_GN,WIKIGENE"
"AGO2","4W5R","AGO2","argonaute RISC catalytic component 2 [Source:HGNC Symbol;Acc:HGNC:3263]","ENTREZGENE,GENECARDS,HGNC,UNIPROT_GN,WIKIGENE"
"AGO2","4W5T","AGO2","argonaute RISC catalytic component 2 [Source:HGNC Symbol;Acc:HGNC:3263]","ENTREZGENE,GENECARDS,HGNC,UNIPROT_GN,WIKIGENE"
"AGO2","4Z4C","AGO2","argonaute RISC catalytic component 2 [Source:HGNC Symbol;Acc:HGNC:3263]","ENTREZGENE,GENECARDS,HGNC,UNIPROT_GN,WIKIGENE"
"AGO2","4Z4D","AGO2","argonaute RISC catalytic component 2 [Source:HGNC Symbol;Acc:HGNC:3263]","ENTREZGENE,GENECARDS,HGNC,UNIPROT_GN,WIKIGENE"
"AGO2","4Z4E","AGO2","argonaute RISC catalytic component 2 [Source:HGNC Symbol;Acc:HGNC:3263]","ENTREZGENE,GENECARDS,HGNC,UNIPROT_GN,WIKIGENE"
"AGO2","4Z4F","AGO2","argonaute RISC catalytic component 2 [Source:HGNC Symbol;Acc:HGNC:3263]","ENTREZGENE,GENECARDS,HGNC,UNIPROT_GN,WIKIGENE"
"AGO2","4Z4G","AGO2","argonaute RISC catalytic component 2 [Source:HGNC Symbol;Acc:HGNC:3263]","ENTREZGENE,GENECARDS,HGNC,UNIPROT_GN,WIKIGENE"
"AGO2","4Z4H","AGO2","argonaute RISC catalytic component 2 [Source:HGNC Symbol;Acc:HGNC:3263]","ENTREZGENE,GENECARDS,HGNC,UNIPROT_GN,WIKIGENE"
"AGO2","4Z4I","AGO2","argonaute RISC catalytic component 2 [Source:HGNC Symbol;Acc:HGNC:3263]","ENTREZGENE,GENECARDS,HGNC,UNIPROT_GN,WIKIGENE"
"AGO2","5JS1","AGO2","argonaute RISC catalytic component 2 [Source:HGNC Symbol;Acc:HGNC:3263]","ENTREZGENE,GENECARDS,HGNC,UNIPROT_GN,WIKIGENE"
"AGO2","5JS2","AGO2","argonaute RISC catalytic component 2 [Source:HGNC Symbol;Acc:HGNC:3263]","ENTREZGENE,GENECARDS,HGNC,UNIPROT_GN,WIKIGENE"
"AGO2","5KI6","AGO2","argonaute RISC catalytic component 2 [Source:HGNC Symbol;Acc:HGNC:3263]","ENTREZGENE,GENECARDS,HGNC,UNIPROT_GN,WIKIGENE"
"AGO2","5T7B","AGO2","argonaute RISC catalytic component 2 [Source:HGNC Symbol;Acc:HGNC:3263]","ENTREZGENE,GENECARDS,HGNC,UNIPROT_GN,WIKIGENE"
"AGO2","5WEA","AGO2","argonaute RISC catalytic component 2 [Source:HGNC Symbol;Acc:HGNC:3263]","ENTREZGENE,GENECARDS,HGNC,UNIPROT_GN,WIKIGENE"
"AGO2","6CBD","AGO2","argonaute RISC catalytic component 2 [Source:HGNC Symbol;Acc:HGNC:3263]","ENTREZGENE,GENECARDS,HGNC,UNIPROT_GN,WIKIGENE"
"AGO2","6MDZ","AGO2","argonaute RISC catalytic component 2 [Source:HGNC Symbol;Acc:HGNC:3263]","ENTREZGENE,GENECARDS,HGNC,UNIPROT_GN,WIKIGENE"
"AGO2","6MFN","AGO2","argonaute RISC catalytic component 2 [Source:HGNC Symbol;Acc:HGNC:3263]","ENTREZGENE,GENECARDS,HGNC,UNIPROT_GN,WIKIGENE"
"AGO2","6MFR","AGO2","argonaute RISC catalytic component 2 [Source:HGNC Symbol;Acc:HGNC:3263]","ENTREZGENE,GENECARDS,HGNC,UNIPROT_GN,WIKIGENE"
"AGO2","6N4O","AGO2","argonaute RISC catalytic component 2 [Source:HGNC Symbol;Acc:HGNC:3263]","ENTREZGENE,GENECARDS,HGNC,UNIPROT_GN,WIKIGENE"
"AGO2","6NIT","AGO2","argonaute RISC catalytic component 2 [Source:HGNC Symbol;Acc:HGNC:3263]","ENTREZGENE,GENECARDS,HGNC,UNIPROT_GN,WIKIGENE"
"AGO2","6RA4","AGO2","argonaute RISC catalytic component 2 [Source:HGNC Symbol;Acc:HGNC:3263]","ENTREZGENE,GENECARDS,HGNC,UNIPROT_GN,WIKIGENE"
"AGO2","7C6B","AGO2","argonaute RISC catalytic component 2 [Source:HGNC Symbol;Acc:HGNC:3263]","ENTREZGENE,GENECARDS,HGNC,UNIPROT_GN,WIKIGENE"
"AGO2","7D7U","AGO2","argonaute RISC catalytic component 2 [Source:HGNC Symbol;Acc:HGNC:3263]","ENTREZGENE,GENECARDS,HGNC,UNIPROT_GN,WIKIGENE"
"AGO2","7KI3","AGO2","argonaute RISC catalytic component 2 [Source:HGNC Symbol;Acc:HGNC:3263]","ENTREZGENE,GENECARDS,HGNC,UNIPROT_GN,WIKIGENE"
"ALKBH5","4NJ4","ALKBH5","alkB homolog 5, RNA demethylase [Source:HGNC Symbol;Acc:HGNC:25996]","ENTREZGENE,GENECARDS,HGNC,UNIPROT_GN,WIKIGENE"
"ALKBH5","4NRM","ALKBH5","alkB homolog 5, RNA demethylase [Source:HGNC Symbol;Acc:HGNC:25996]","ENTREZGENE,GENECARDS,HGNC,UNIPROT_GN,WIKIGENE"
"ALKBH5","4NRO","ALKBH5","alkB homolog 5, RNA demethylase [Source:HGNC Symbol;Acc:HGNC:25996]","ENTREZGENE,GENECARDS,HGNC,UNIPROT_GN,WIKIGENE"
"ALKBH5","4NRP","ALKBH5","alkB homolog 5, RNA demethylase [Source:HGNC Symbol;Acc:HGNC:25996]","ENTREZGENE,GENECARDS,HGNC,UNIPROT_GN,WIKIGENE"
"ALKBH5","4NRQ","ALKBH5","alkB homolog 5, RNA demethylase [Source:HGNC Symbol;Acc:HGNC:25996]","ENTREZGENE,GENECARDS,HGNC,UNIPROT_GN,WIKIGENE"
"ALKBH5","4O61","ALKBH5","alkB homolog 5, RNA demethylase [Source:HGNC Symbol;Acc:HGNC:25996]","ENTREZGENE,GENECARDS,HGNC,UNIPROT_GN,WIKIGENE"
"ALKBH5","4O7X","ALKBH5","alkB homolog 5, RNA demethylase [Source:HGNC Symbol;Acc:HGNC:25996]","ENTREZGENE,GENECARDS,HGNC,UNIPROT_GN,WIKIGENE"
"ALKBH5","4OCT","ALKBH5","alkB homolog 5, RNA demethylase [Source:HGNC Symbol;Acc:HGNC:25996]","ENTREZGENE,GENECARDS,HGNC,UNIPROT_GN,WIKIGENE"
"ALKBH5","7V4G","ALKBH5","alkB homolog 5, RNA demethylase [Source:HGNC Symbol;Acc:HGNC:25996]","ENTREZGENE,GENECARDS,HGNC,UNIPROT_GN,WIKIGENE"
"ALKBH5","7WKV","ALKBH5","alkB homolog 5, RNA demethylase [Source:HGNC Symbol;Acc:HGNC:25996]","ENTREZGENE,GENECARDS,HGNC,UNIPROT_GN,WIKIGENE"
"ALKBH5","7WL0","ALKBH5","alkB homolog 5, RNA demethylase [Source:HGNC Symbol;Acc:HGNC:25996]","ENTREZGENE,GENECARDS,HGNC,UNIPROT_GN,WIKIGENE"
"CAPRIN1","4WBE","CAPRIN1","cell cycle associated protein 1 [Source:HGNC Symbol;Acc:HGNC:6743]","ENTREZGENE,GENECARDS,HGNC,UNIPROT_GN,WIKIGENE"
"CAPRIN1","4WBP","CAPRIN1","cell cycle associated protein 1 [Source:HGNC Symbol;Acc:HGNC:6743]","ENTREZGENE,GENECARDS,HGNC,UNIPROT_GN,WIKIGENE"
"CAPRIN1","6TA7","CAPRIN1","cell cycle associated protein 1 [Source:HGNC Symbol;Acc:HGNC:6743]","ENTREZGENE,GENECARDS,HGNC,UNIPROT_GN,WIKIGENE"
"ELAVL1","3HI9","ELAVL1","ELAV like RNA binding protein 1 [Source:HGNC Symbol;Acc:HGNC:3312]","ENTREZGENE,GENECARDS,HGNC,UNIPROT_GN,WIKIGENE"
"ELAVL1","4ED5","ELAVL1","ELAV like RNA binding protein 1 [Source:HGNC Symbol;Acc:HGNC:3312]","ENTREZGENE,GENECARDS,HGNC,UNIPROT_GN,WIKIGENE"
"ELAVL1","4EGL","ELAVL1","ELAV like RNA binding protein 1 [Source:HGNC Symbol;Acc:HGNC:3312]","ENTREZGENE,GENECARDS,HGNC,UNIPROT_GN,WIKIGENE"
"ELAVL1","4FXV","ELAVL1","ELAV like RNA binding protein 1 [Source:HGNC Symbol;Acc:HGNC:3312]","ENTREZGENE,GENECARDS,HGNC,UNIPROT_GN,WIKIGENE"
"ELAVL1","5SZW","ELAVL1","ELAV like RNA binding protein 1 [Source:HGNC Symbol;Acc:HGNC:3312]","ENTREZGENE,GENECARDS,HGNC,UNIPROT_GN,WIKIGENE"
"ELAVL1","6G2K","ELAVL1","ELAV like RNA binding protein 1 [Source:HGNC Symbol;Acc:HGNC:3312]","ENTREZGENE,GENECARDS,HGNC,UNIPROT_GN,WIKIGENE"
"ELAVL1","6GC5","ELAVL1","ELAV like RNA binding protein 1 [Source:HGNC Symbol;Acc:HGNC:3312]","ENTREZGENE,GENECARDS,HGNC,UNIPROT_GN,WIKIGENE"
"ELAVL1","6GD1","ELAVL1","ELAV like RNA binding protein 1 [Source:HGNC Symbol;Acc:HGNC:3312]","ENTREZGENE,GENECARDS,HGNC,UNIPROT_GN,WIKIGENE"
"ELAVL1","6GD2","ELAVL1","ELAV like RNA binding protein 1 [Source:HGNC Symbol;Acc:HGNC:3312]","ENTREZGENE,GENECARDS,HGNC,UNIPROT_GN,WIKIGENE"
"ELAVL1","6GD3","ELAVL1","ELAV like RNA binding protein 1 [Source:HGNC Symbol;Acc:HGNC:3312]","ENTREZGENE,GENECARDS,HGNC,UNIPROT_GN,WIKIGENE"
"EWSR1","2CPE","EWSR1","EWS RNA binding protein 1 [Source:HGNC Symbol;Acc:HGNC:3508]","ENTREZGENE,GENECARDS,HGNC,UNIPROT_GN,WIKIGENE"
"FUS","2LA6","FUS","FUS RNA binding protein [Source:HGNC Symbol;Acc:HGNC:4010]","ENTREZGENE,GENECARDS,HGNC,UNIPROT_GN,WIKIGENE"
"FUS","2LCW","FUS","FUS RNA binding protein [Source:HGNC Symbol;Acc:HGNC:4010]","ENTREZGENE,GENECARDS,HGNC,UNIPROT_GN,WIKIGENE"
"FUS","4FDD","FUS","FUS RNA binding protein [Source:HGNC Symbol;Acc:HGNC:4010]","ENTREZGENE,GENECARDS,HGNC,UNIPROT_GN,WIKIGENE"
"FUS","4FQ3","FUS","FUS RNA binding protein [Source:HGNC Symbol;Acc:HGNC:4010]","ENTREZGENE,GENECARDS,HGNC,UNIPROT_GN,WIKIGENE"
"FUS","5W3N","FUS","FUS RNA binding protein [Source:HGNC Symbol;Acc:HGNC:4010]","ENTREZGENE,GENECARDS,HGNC,UNIPROT_GN,WIKIGENE"
"FUS","5XRR","FUS","FUS RNA binding protein [Source:HGNC Symbol;Acc:HGNC:4010]","ENTREZGENE,GENECARDS,HGNC,UNIPROT_GN,WIKIGENE"
"FUS","5XSG","FUS","FUS RNA binding protein [Source:HGNC Symbol;Acc:HGNC:4010]","ENTREZGENE,GENECARDS,HGNC,UNIPROT_GN,WIKIGENE"
"FUS","5YVG","FUS","FUS RNA binding protein [Source:HGNC Symbol;Acc:HGNC:4010]","ENTREZGENE,GENECARDS,HGNC,UNIPROT_GN,WIKIGENE"
"FUS","5YVH","FUS","FUS RNA binding protein [Source:HGNC Symbol;Acc:HGNC:4010]","ENTREZGENE,GENECARDS,HGNC,UNIPROT_GN,WIKIGENE"
"FUS","5YVI","FUS","FUS RNA binding protein [Source:HGNC Symbol;Acc:HGNC:4010]","ENTREZGENE,GENECARDS,HGNC,UNIPROT_GN,WIKIGENE"
"FUS","6BWZ","FUS","FUS RNA binding protein [Source:HGNC Symbol;Acc:HGNC:4010]","ENTREZGENE,GENECARDS,HGNC,UNIPROT_GN,WIKIGENE"
"FUS","6BXV","FUS","FUS RNA binding protein [Source:HGNC Symbol;Acc:HGNC:4010]","ENTREZGENE,GENECARDS,HGNC,UNIPROT_GN,WIKIGENE"
"FUS","6BZP","FUS","FUS RNA binding protein [Source:HGNC Symbol;Acc:HGNC:4010]","ENTREZGENE,GENECARDS,HGNC,UNIPROT_GN,WIKIGENE"
"FUS","6G99","FUS","FUS RNA binding protein [Source:HGNC Symbol;Acc:HGNC:4010]","ENTREZGENE,GENECARDS,HGNC,UNIPROT_GN,WIKIGENE"
"FUS","6GBM","FUS","FUS RNA binding protein [Source:HGNC Symbol;Acc:HGNC:4010]","ENTREZGENE,GENECARDS,HGNC,UNIPROT_GN,WIKIGENE"
"FUS","6KJ1","FUS","FUS RNA binding protein [Source:HGNC Symbol;Acc:HGNC:4010]","ENTREZGENE,GENECARDS,HGNC,UNIPROT_GN,WIKIGENE"
"FUS","6KJ2","FUS","FUS RNA binding protein [Source:HGNC Symbol;Acc:HGNC:4010]","ENTREZGENE,GENECARDS,HGNC,UNIPROT_GN,WIKIGENE"
"FUS","6KJ3","FUS","FUS RNA binding protein [Source:HGNC Symbol;Acc:HGNC:4010]","ENTREZGENE,GENECARDS,HGNC,UNIPROT_GN,WIKIGENE"
"FUS","6KJ4","FUS","FUS RNA binding protein [Source:HGNC Symbol;Acc:HGNC:4010]","ENTREZGENE,GENECARDS,HGNC,UNIPROT_GN,WIKIGENE"
"FUS","6SNJ","FUS","FUS RNA binding protein [Source:HGNC Symbol;Acc:HGNC:4010]","ENTREZGENE,GENECARDS,HGNC,UNIPROT_GN,WIKIGENE"
"FUS","6XFM","FUS","FUS RNA binding protein [Source:HGNC Symbol;Acc:HGNC:4010]","ENTREZGENE,GENECARDS,HGNC,UNIPROT_GN,WIKIGENE"
"FUS","7CYL","FUS","FUS RNA binding protein [Source:HGNC Symbol;Acc:HGNC:4010]","ENTREZGENE,GENECARDS,HGNC,UNIPROT_GN,WIKIGENE"
"FUS","7VQQ","FUS","FUS RNA binding protein [Source:HGNC Symbol;Acc:HGNC:4010]","ENTREZGENE,GENECARDS,HGNC,UNIPROT_GN,WIKIGENE"
"HNRNPC","1TXP","HNRNPC","heterogeneous nuclear ribonucleoprotein C [Source:HGNC Symbol;Acc:HGNC:5035]","ENTREZGENE,GENECARDS,HGNC,UNIPROT_GN,WIKIGENE"
"HNRNPC","1WF2","HNRNPC","heterogeneous nuclear ribonucleoprotein C [Source:HGNC Symbol;Acc:HGNC:5035]","ENTREZGENE,GENECARDS,HGNC,UNIPROT_GN,WIKIGENE"
"HNRNPC","2MXY","HNRNPC","heterogeneous nuclear ribonucleoprotein C [Source:HGNC Symbol;Acc:HGNC:5035]","ENTREZGENE,GENECARDS,HGNC,UNIPROT_GN,WIKIGENE"
"HNRNPC","2MZ1","HNRNPC","heterogeneous nuclear ribonucleoprotein C [Source:HGNC Symbol;Acc:HGNC:5035]","ENTREZGENE,GENECARDS,HGNC,UNIPROT_GN,WIKIGENE"
"HNRNPC","3LN4","HNRNPC","heterogeneous nuclear ribonucleoprotein C [Source:HGNC Symbol;Acc:HGNC:5035]","ENTREZGENE,GENECARDS,HGNC,UNIPROT_GN,WIKIGENE"
"MOV10","None","None","None",""
"NCBP3","None","None","None",""
"PTBP1","1QM9","PTBP1","polypyrimidine tract binding protein 1 [Source:HGNC Symbol;Acc:HGNC:9583]","ENTREZGENE,GENECARDS,HGNC,UNIPROT_GN,WIKIGENE"
"PTBP1","1SJQ","PTBP1","polypyrimidine tract binding protein 1 [Source:HGNC Symbol;Acc:HGNC:9583]","ENTREZGENE,GENECARDS,HGNC,UNIPROT_GN,WIKIGENE"
"PTBP1","1SJR","PTBP1","polypyrimidine tract binding protein 1 [Source:HGNC Symbol;Acc:HGNC:9583]","ENTREZGENE,GENECARDS,HGNC,UNIPROT_GN,WIKIGENE"
"PTBP1","2AD9","PTBP1","polypyrimidine tract binding protein 1 [Source:HGNC Symbol;Acc:HGNC:9583]","ENTREZGENE,GENECARDS,HGNC,UNIPROT_GN,WIKIGENE"
"PTBP1","2ADB","PTBP1","polypyrimidine tract binding protein 1 [Source:HGNC Symbol;Acc:HGNC:9583]","ENTREZGENE,GENECARDS,HGNC,UNIPROT_GN,WIKIGENE"
"PTBP1","2ADC","PTBP1","polypyrimidine tract binding protein 1 [Source:HGNC Symbol;Acc:HGNC:9583]","ENTREZGENE,GENECARDS,HGNC,UNIPROT_GN,WIKIGENE"
"PTBP1","2EVZ","PTBP1","polypyrimidine tract binding protein 1 [Source:HGNC Symbol;Acc:HGNC:9583]","ENTREZGENE,GENECARDS,HGNC,UNIPROT_GN,WIKIGENE"
"PTBP1","2N3O","PTBP1","polypyrimidine tract binding protein 1 [Source:HGNC Symbol;Acc:HGNC:9583]","ENTREZGENE,GENECARDS,HGNC,UNIPROT_GN,WIKIGENE"
"PTBP1","3ZZY","PTBP1","polypyrimidine tract binding protein 1 [Source:HGNC Symbol;Acc:HGNC:9583]","ENTREZGENE,GENECARDS,HGNC,UNIPROT_GN,WIKIGENE"
"PTBP1","3ZZZ","PTBP1","polypyrimidine tract binding protein 1 [Source:HGNC Symbol;Acc:HGNC:9583]","ENTREZGENE,GENECARDS,HGNC,UNIPROT_GN,WIKIGENE"
"PUM2","3Q0Q","PUM2","pumilio RNA binding family member 2 [Source:HGNC Symbol;Acc:HGNC:14958]","ENTREZGENE,GENECARDS,HGNC,UNIPROT_GN,WIKIGENE"
"PUM2","3Q0R","PUM2","pumilio RNA binding family member 2 [Source:HGNC Symbol;Acc:HGNC:14958]","ENTREZGENE,GENECARDS,HGNC,UNIPROT_GN,WIKIGENE"
"PUM2","3Q0S","PUM2","pumilio RNA binding family member 2 [Source:HGNC Symbol;Acc:HGNC:14958]","ENTREZGENE,GENECARDS,HGNC,UNIPROT_GN,WIKIGENE"
"QKI","4JVH","QKI","QKI, KH domain containing RNA binding [Source:HGNC Symbol;Acc:HGNC:21100]","ENTREZGENE,GENECARDS,HGNC,UNIPROT_GN,WIKIGENE"
"RTCB","7P3B","RTCB","RNA 2',3'-cyclic phosphate and 5'-OH ligase [Source:HGNC Symbol;Acc:HGNC:26935]","ENTREZGENE,GENECARDS,HGNC,UNIPROT_GN,WIKIGENE"
"SRSF1","1X4A","SRSF1","serine and arginine rich splicing factor 1 [Source:HGNC Symbol;Acc:HGNC:10780]","ENTREZGENE,GENECARDS,HGNC,UNIPROT_GN,WIKIGENE"
"SRSF1","2M7S","SRSF1","serine and arginine rich splicing factor 1 [Source:HGNC Symbol;Acc:HGNC:10780]","ENTREZGENE,GENECARDS,HGNC,UNIPROT_GN,WIKIGENE"
"SRSF1","2M8D","SRSF1","serine and arginine rich splicing factor 1 [Source:HGNC Symbol;Acc:HGNC:10780]","ENTREZGENE,GENECARDS,HGNC,UNIPROT_GN,WIKIGENE"
"SRSF1","2O3D","SRSF1","serine and arginine rich splicing factor 1 [Source:HGNC Symbol;Acc:HGNC:10780]","ENTREZGENE,GENECARDS,HGNC,UNIPROT_GN,WIKIGENE"
"SRSF1","3BEG","SRSF1","serine and arginine rich splicing factor 1 [Source:HGNC Symbol;Acc:HGNC:10780]","ENTREZGENE,GENECARDS,HGNC,UNIPROT_GN,WIKIGENE"
"SRSF1","4C0O","SRSF1","serine and arginine rich splicing factor 1 [Source:HGNC Symbol;Acc:HGNC:10780]","ENTREZGENE,GENECARDS,HGNC,UNIPROT_GN,WIKIGENE"
"SRSF1","6HPJ","SRSF1","serine and arginine rich splicing factor 1 [Source:HGNC Symbol;Acc:HGNC:10780]","ENTREZGENE,GENECARDS,HGNC,UNIPROT_GN,WIKIGENE"
"SRSF1","7ABG","SRSF1","serine and arginine rich splicing factor 1 [Source:HGNC Symbol;Acc:HGNC:10780]","ENTREZGENE,GENECARDS,HGNC,UNIPROT_GN,WIKIGENE"
"TAF12","1H3O","TAF12","TATA-box binding protein associated factor 12 [Source:HGNC Symbol;Acc:HGNC:11545]","ENTREZGENE,GENECARDS,HGNC,UNIPROT_GN,WIKIGENE"
"TAF12","6MZC","TAF12","TATA-box binding protein associated factor 12 [Source:HGNC Symbol;Acc:HGNC:11545]","ENTREZGENE,GENECARDS,HGNC,UNIPROT_GN,WIKIGENE"
"TAF12","6MZD","TAF12","TATA-box binding protein associated factor 12 [Source:HGNC Symbol;Acc:HGNC:11545]","ENTREZGENE,GENECARDS,HGNC,UNIPROT_GN,WIKIGENE"
"TAF12","6MZL","TAF12","TATA-box binding protein associated factor 12 [Source:HGNC Symbol;Acc:HGNC:11545]","ENTREZGENE,GENECARDS,HGNC,UNIPROT_GN,WIKIGENE"
"TAF12","6MZM","TAF12","TATA-box binding protein associated factor 12 [Source:HGNC Symbol;Acc:HGNC:11545]","ENTREZGENE,GENECARDS,HGNC,UNIPROT_GN,WIKIGENE"
"TAF12","7EDX","TAF12","TATA-box binding protein associated factor 12 [Source:HGNC Symbol;Acc:HGNC:11545]","ENTREZGENE,GENECARDS,HGNC,UNIPROT_GN,WIKIGENE"
"TAF12","7EG7","TAF12","TATA-box binding protein associated factor 12 [Source:HGNC Symbol;Acc:HGNC:11545]","ENTREZGENE,GENECARDS,HGNC,UNIPROT_GN,WIKIGENE"
"TAF12","7EG8","TAF12","TATA-box binding protein associated factor 12 [Source:HGNC Symbol;Acc:HGNC:11545]","ENTREZGENE,GENECARDS,HGNC,UNIPROT_GN,WIKIGENE"
"TAF12","7EG9","TAF12","TATA-box binding protein associated factor 12 [Source:HGNC Symbol;Acc:HGNC:11545]","ENTREZGENE,GENECARDS,HGNC,UNIPROT_GN,WIKIGENE"
"TAF12","7EGA","TAF12","TATA-box binding protein associated factor 12 [Source:HGNC Symbol;Acc:HGNC:11545]","ENTREZGENE,GENECARDS,HGNC,UNIPROT_GN,WIKIGENE"
"TAF12","7EGB","TAF12","TATA-box binding protein associated factor 12 [Source:HGNC Symbol;Acc:HGNC:11545]","ENTREZGENE,GENECARDS,HGNC,UNIPROT_GN,WIKIGENE"
"TAF12","7EGC","TAF12","TATA-box binding protein associated factor 12 [Source:HGNC Symbol;Acc:HGNC:11545]","ENTREZGENE,GENECARDS,HGNC,UNIPROT_GN,WIKIGENE"
"TAF12","7EGD","TAF12","TATA-box binding protein associated factor 12 [Source:HGNC Symbol;Acc:HGNC:11545]","ENTREZGENE,GENECARDS,HGNC,UNIPROT_GN,WIKIGENE"
"TAF12","7EGE","TAF12","TATA-box binding protein associated factor 12 [Source:HGNC Symbol;Acc:HGNC:11545]","ENTREZGENE,GENECARDS,HGNC,UNIPROT_GN,WIKIGENE"
"TAF12","7EGF","TAF12","TATA-box binding protein associated factor 12 [Source:HGNC Symbol;Acc:HGNC:11545]","ENTREZGENE,GENECARDS,HGNC,UNIPROT_GN,WIKIGENE"
"TAF12","7EGG","TAF12","TATA-box binding protein associated factor 12 [Source:HGNC Symbol;Acc:HGNC:11545]","ENTREZGENE,GENECARDS,HGNC,UNIPROT_GN,WIKIGENE"
"TAF12","7EGI","TAF12","TATA-box binding protein associated factor 12 [Source:HGNC Symbol;Acc:HGNC:11545]","ENTREZGENE,GENECARDS,HGNC,UNIPROT_GN,WIKIGENE"
"TAF12","7EGJ","TAF12","TATA-box binding protein associated factor 12 [Source:HGNC Symbol;Acc:HGNC:11545]","ENTREZGENE,GENECARDS,HGNC,UNIPROT_GN,WIKIGENE"
"TAF12","7ENA","TAF12","TATA-box binding protein associated factor 12 [Source:HGNC Symbol;Acc:HGNC:11545]","ENTREZGENE,GENECARDS,HGNC,UNIPROT_GN,WIKIGENE"
"TAF12","7ENC","TAF12","TATA-box binding protein associated factor 12 [Source:HGNC Symbol;Acc:HGNC:11545]","ENTREZGENE,GENECARDS,HGNC,UNIPROT_GN,WIKIGENE"
"TAF12","7KTR","TAF12","TATA-box binding protein associated factor 12 [Source:HGNC Symbol;Acc:HGNC:11545]","ENTREZGENE,GENECARDS,HGNC,UNIPROT_GN,WIKIGENE"
"TAF12","7KTS","TAF12","TATA-box binding protein associated factor 12 [Source:HGNC Symbol;Acc:HGNC:11545]","ENTREZGENE,GENECARDS,HGNC,UNIPROT_GN,WIKIGENE"
"TAF15","2MMY","TAF15","TATA-box binding protein associated factor 15 [Source:HGNC Symbol;Acc:HGNC:11547]","ENTREZGENE,GENECARDS,HGNC,UNIPROT_GN,WIKIGENE"
"TARDBP","1WF0","TARDBP","TAR DNA binding protein [Source:HGNC Symbol;Acc:HGNC:11571]","ENTREZGENE,GENECARDS,HGNC,UNIPROT_GN,WIKIGENE"
"TARDBP","2CQG","TARDBP","TAR DNA binding protein [Source:HGNC Symbol;Acc:HGNC:11571]","ENTREZGENE,GENECARDS,HGNC,UNIPROT_GN,WIKIGENE"
"TARDBP","2N2C","TARDBP","TAR DNA binding protein [Source:HGNC Symbol;Acc:HGNC:11571]","ENTREZGENE,GENECARDS,HGNC,UNIPROT_GN,WIKIGENE"
"TARDBP","2N3X","TARDBP","TAR DNA binding protein [Source:HGNC Symbol;Acc:HGNC:11571]","ENTREZGENE,GENECARDS,HGNC,UNIPROT_GN,WIKIGENE"
"TARDBP","2N4G","TARDBP","TAR DNA binding protein [Source:HGNC Symbol;Acc:HGNC:11571]","ENTREZGENE,GENECARDS,HGNC,UNIPROT_GN,WIKIGENE"
"TARDBP","2N4H","TARDBP","TAR DNA binding protein [Source:HGNC Symbol;Acc:HGNC:11571]","ENTREZGENE,GENECARDS,HGNC,UNIPROT_GN,WIKIGENE"
"TARDBP","2N4P","TARDBP","TAR DNA binding protein [Source:HGNC Symbol;Acc:HGNC:11571]","ENTREZGENE,GENECARDS,HGNC,UNIPROT_GN,WIKIGENE"
"TARDBP","4BS2","TARDBP","TAR DNA binding protein [Source:HGNC Symbol;Acc:HGNC:11571]","ENTREZGENE,GENECARDS,HGNC,UNIPROT_GN,WIKIGENE"
"TARDBP","4IUF","TARDBP","TAR DNA binding protein [Source:HGNC Symbol;Acc:HGNC:11571]","ENTREZGENE,GENECARDS,HGNC,UNIPROT_GN,WIKIGENE"
"TARDBP","4Y00","TARDBP","TAR DNA binding protein [Source:HGNC Symbol;Acc:HGNC:11571]","ENTREZGENE,GENECARDS,HGNC,UNIPROT_GN,WIKIGENE"
"TARDBP","4Y0F","TARDBP","TAR DNA binding protein [Source:HGNC Symbol;Acc:HGNC:11571]","ENTREZGENE,GENECARDS,HGNC,UNIPROT_GN,WIKIGENE"
"TARDBP","5MDI","TARDBP","TAR DNA binding protein [Source:HGNC Symbol;Acc:HGNC:11571]","ENTREZGENE,GENECARDS,HGNC,UNIPROT_GN,WIKIGENE"
"TARDBP","5MRG","TARDBP","TAR DNA binding protein [Source:HGNC Symbol;Acc:HGNC:11571]","ENTREZGENE,GENECARDS,HGNC,UNIPROT_GN,WIKIGENE"
"TARDBP","5W50","TARDBP","TAR DNA binding protein [Source:HGNC Symbol;Acc:HGNC:11571]","ENTREZGENE,GENECARDS,HGNC,UNIPROT_GN,WIKIGENE"
"TARDBP","5W52","TARDBP","TAR DNA binding protein [Source:HGNC Symbol;Acc:HGNC:11571]","ENTREZGENE,GENECARDS,HGNC,UNIPROT_GN,WIKIGENE"
"TARDBP","5W7V","TARDBP","TAR DNA binding protein [Source:HGNC Symbol;Acc:HGNC:11571]","ENTREZGENE,GENECARDS,HGNC,UNIPROT_GN,WIKIGENE"
"TARDBP","5WHN","TARDBP","TAR DNA binding protein [Source:HGNC Symbol;Acc:HGNC:11571]","ENTREZGENE,GENECARDS,HGNC,UNIPROT_GN,WIKIGENE"
"TARDBP","5WHP","TARDBP","TAR DNA binding protein [Source:HGNC Symbol;Acc:HGNC:11571]","ENTREZGENE,GENECARDS,HGNC,UNIPROT_GN,WIKIGENE"
"TARDBP","5WIA","TARDBP","TAR DNA binding protein [Source:HGNC Symbol;Acc:HGNC:11571]","ENTREZGENE,GENECARDS,HGNC,UNIPROT_GN,WIKIGENE"
"TARDBP","5WIQ","TARDBP","TAR DNA binding protein [Source:HGNC Symbol;Acc:HGNC:11571]","ENTREZGENE,GENECARDS,HGNC,UNIPROT_GN,WIKIGENE"
"TARDBP","5WKB","TARDBP","TAR DNA binding protein [Source:HGNC Symbol;Acc:HGNC:11571]","ENTREZGENE,GENECARDS,HGNC,UNIPROT_GN,WIKIGENE"
"TARDBP","5WKD","TARDBP","TAR DNA binding protein [Source:HGNC Symbol;Acc:HGNC:11571]","ENTREZGENE,GENECARDS,HGNC,UNIPROT_GN,WIKIGENE"
"TARDBP","5X4F","TARDBP","TAR DNA binding protein [Source:HGNC Symbol;Acc:HGNC:11571]","ENTREZGENE,GENECARDS,HGNC,UNIPROT_GN,WIKIGENE"
"TARDBP","6B1G","TARDBP","TAR DNA binding protein [Source:HGNC Symbol;Acc:HGNC:11571]","ENTREZGENE,GENECARDS,HGNC,UNIPROT_GN,WIKIGENE"
"TARDBP","6CF4","TARDBP","TAR DNA binding protein [Source:HGNC Symbol;Acc:HGNC:11571]","ENTREZGENE,GENECARDS,HGNC,UNIPROT_GN,WIKIGENE"
"TARDBP","6CFH","TARDBP","TAR DNA binding protein [Source:HGNC Symbol;Acc:HGNC:11571]","ENTREZGENE,GENECARDS,HGNC,UNIPROT_GN,WIKIGENE"
"TARDBP","6N37","TARDBP","TAR DNA binding protein [Source:HGNC Symbol;Acc:HGNC:11571]","ENTREZGENE,GENECARDS,HGNC,UNIPROT_GN,WIKIGENE"
"TARDBP","6N3A","TARDBP","TAR DNA binding protein [Source:HGNC Symbol;Acc:HGNC:11571]","ENTREZGENE,GENECARDS,HGNC,UNIPROT_GN,WIKIGENE"
"TARDBP","6N3B","TARDBP","TAR DNA binding protein [Source:HGNC Symbol;Acc:HGNC:11571]","ENTREZGENE,GENECARDS,HGNC,UNIPROT_GN,WIKIGENE"
"TARDBP","6N3C","TARDBP","TAR DNA binding protein [Source:HGNC Symbol;Acc:HGNC:11571]","ENTREZGENE,GENECARDS,HGNC,UNIPROT_GN,WIKIGENE"
"TARDBP","6T4B","TARDBP","TAR DNA binding protein [Source:HGNC Symbol;Acc:HGNC:11571]","ENTREZGENE,GENECARDS,HGNC,UNIPROT_GN,WIKIGENE"
"TARDBP","7KWZ","TARDBP","TAR DNA binding protein [Source:HGNC Symbol;Acc:HGNC:11571]","ENTREZGENE,GENECARDS,HGNC,UNIPROT_GN,WIKIGENE"
"TARDBP","7PY2","TARDBP","TAR DNA binding protein [Source:HGNC Symbol;Acc:HGNC:11571]","ENTREZGENE,GENECARDS,HGNC,UNIPROT_GN,WIKIGENE"
"TIA1","2MJN","TIA1","TIA1 cytotoxic granule associated RNA binding protein [Source:HGNC Symbol;Acc:HGNC:11802]","ENTREZGENE,GENECARDS,HGNC,UNIPROT_GN,WIKIGENE"
"TIA1","3BS9","TIA1","TIA1 cytotoxic granule associated RNA binding protein [Source:HGNC Symbol;Acc:HGNC:11802]","ENTREZGENE,GENECARDS,HGNC,UNIPROT_GN,WIKIGENE"
"TIA1","5ITH","TIA1","TIA1 cytotoxic granule associated RNA binding protein [Source:HGNC Symbol;Acc:HGNC:11802]","ENTREZGENE,GENECARDS,HGNC,UNIPROT_GN,WIKIGENE"
"TIA1","5O2V","TIA1","TIA1 cytotoxic granule associated RNA binding protein [Source:HGNC Symbol;Acc:HGNC:11802]","ENTREZGENE,GENECARDS,HGNC,UNIPROT_GN,WIKIGENE"
"TIA1","5O3J","TIA1","TIA1 cytotoxic granule associated RNA binding protein [Source:HGNC Symbol;Acc:HGNC:11802]","ENTREZGENE,GENECARDS,HGNC,UNIPROT_GN,WIKIGENE"
"TIA1","6ELD","TIA1","TIA1 cytotoxic granule associated RNA binding protein [Source:HGNC Symbol;Acc:HGNC:11802]","ENTREZGENE,GENECARDS,HGNC,UNIPROT_GN,WIKIGENE"
"TIAL1","1X4G","TIAL1","TIA1 cytotoxic granule associated RNA binding protein like 1 [Source:HGNC Symbol;Acc:HGNC:11804]","ENTREZGENE,GENECARDS,HGNC,UNIPROT_GN,WIKIGENE"
"TIAL1","2CQI","TIAL1","TIA1 cytotoxic granule associated RNA binding protein like 1 [Source:HGNC Symbol;Acc:HGNC:11804]","ENTREZGENE,GENECARDS,HGNC,UNIPROT_GN,WIKIGENE"
"TIAL1","2DH7","TIAL1","TIA1 cytotoxic granule associated RNA binding protein like 1 [Source:HGNC Symbol;Acc:HGNC:11804]","ENTREZGENE,GENECARDS,HGNC,UNIPROT_GN,WIKIGENE"
"ZC3H7B","None","None","None",""